{
  "544810771": [
    {
      "dish": "Бекон",
      "calories": 175.24659729003906,
      "fats": 9.247918128967285,
      "carbs": 7.860068321228027,
      "proteins": 18.129375457763672
    },
    {
      "dish": "Сосиски",
      "calories": 175.24659729003906,
      "fats": 9.247918128967285,
      "carbs": 7.860068321228027,
      "proteins": 18.129375457763672
    },
    {
      "dish": "Ветчина",
      "calories": 175.24659729003906,
      "fats": 9.247918128967285,
      "carbs": 7.860068321228027,
      "proteins": 18.129375457763672
    }
  ]
}