{
  "544810771": [
    {
      "dish": "Сыр с плесенью",
      "calories": 598.5427856445312,
      "fats": 37.45378112792969,
      "carbs": 49.14771270751953,
      "proteins": 20.42755699157715
    },
    {
      "dish": "Картошка в смятку",
      "calories": 471.0362243652344,
      "fats": 26.135242462158203,
      "carbs": 40.18586349487305,
      "proteins": 20.23981285095215
    },
    {
      "dish": "Огурец 1 шт",
      "calories": 197.3055877685547,
      "fats": 10.532427787780762,
      "carbs": 15.228772163391113,
      "proteins": 14.332601547241211
    },
    {
      "dish": "Сосиска",
      "calories": 179.5516815185547,
      "fats": 9.570283889770508,
      "carbs": 13.524965286254883,
      "proteins": 12.019400596618652
    }
  ]
}